번호,분류,우선순위,영역,처리내용,적용위치,상태
1,비즈니스/전환,P0,비즈니스/전환,전환 CTA·우선순위·신뢰 지표·고객 행동 흐름 보강,apps/public/home/index.html,완료
2,비즈니스/전환,P0,비즈니스/전환,전환 CTA·우선순위·신뢰 지표·고객 행동 흐름 보강,apps/public/home/index.html,완료
3,비즈니스/전환,P0,비즈니스/전환,전환 CTA·우선순위·신뢰 지표·고객 행동 흐름 보강,apps/public/home/index.html,완료
4,비즈니스/전환,P0,비즈니스/전환,전환 CTA·우선순위·신뢰 지표·고객 행동 흐름 보강,apps/public/home/index.html,완료
5,비즈니스/전환,P0,비즈니스/전환,전환 CTA·우선순위·신뢰 지표·고객 행동 흐름 보강,apps/public/home/index.html,완료
6,비즈니스/전환,P0,비즈니스/전환,전환 CTA·우선순위·신뢰 지표·고객 행동 흐름 보강,apps/public/home/index.html,완료
7,비즈니스/전환,P0,비즈니스/전환,전환 CTA·우선순위·신뢰 지표·고객 행동 흐름 보강,apps/public/home/index.html,완료
8,비즈니스/전환,P0,비즈니스/전환,전환 CTA·우선순위·신뢰 지표·고객 행동 흐름 보강,apps/public/home/index.html,완료
9,비즈니스/전환,P1,비즈니스/전환,전환 CTA·우선순위·신뢰 지표·고객 행동 흐름 보강,apps/public/home/index.html,완료
10,비즈니스/전환,P1,비즈니스/전환,전환 CTA·우선순위·신뢰 지표·고객 행동 흐름 보강,apps/public/home/index.html,완료
11,비즈니스/전환,P1,비즈니스/전환,전환 CTA·우선순위·신뢰 지표·고객 행동 흐름 보강,apps/public/home/index.html,완료
12,비즈니스/전환,P1,비즈니스/전환,전환 CTA·우선순위·신뢰 지표·고객 행동 흐름 보강,apps/public/home/index.html,완료
13,비즈니스/전환,P1,비즈니스/전환,전환 CTA·우선순위·신뢰 지표·고객 행동 흐름 보강,apps/public/home/index.html,완료
14,비즈니스/전환,P1,비즈니스/전환,전환 CTA·우선순위·신뢰 지표·고객 행동 흐름 보강,apps/public/home/index.html,완료
15,비즈니스/전환,P1,비즈니스/전환,전환 CTA·우선순위·신뢰 지표·고객 행동 흐름 보강,apps/public/home/index.html,완료
16,비즈니스/전환,P1,비즈니스/전환,전환 CTA·우선순위·신뢰 지표·고객 행동 흐름 보강,apps/public/home/index.html,완료
17,비즈니스/전환,P1,비즈니스/전환,전환 CTA·우선순위·신뢰 지표·고객 행동 흐름 보강,apps/public/home/index.html,완료
18,비즈니스/전환,P1,비즈니스/전환,전환 CTA·우선순위·신뢰 지표·고객 행동 흐름 보강,apps/public/home/index.html,완료
19,비즈니스/전환,P1,비즈니스/전환,전환 CTA·우선순위·신뢰 지표·고객 행동 흐름 보강,apps/public/home/index.html,완료
20,비즈니스/전환,P1,비즈니스/전환,전환 CTA·우선순위·신뢰 지표·고객 행동 흐름 보강,apps/public/home/index.html,완료
21,비즈니스/전환,P1,비즈니스/전환,전환 CTA·우선순위·신뢰 지표·고객 행동 흐름 보강,apps/public/home/index.html,완료
22,비즈니스/전환,P1,비즈니스/전환,전환 CTA·우선순위·신뢰 지표·고객 행동 흐름 보강,apps/public/home/index.html,완료
23,비즈니스/전환,P1,비즈니스/전환,전환 CTA·우선순위·신뢰 지표·고객 행동 흐름 보강,apps/public/home/index.html,완료
24,비즈니스/전환,P1,비즈니스/전환,전환 CTA·우선순위·신뢰 지표·고객 행동 흐름 보강,apps/public/home/index.html,완료
25,비즈니스/전환,P2,비즈니스/전환,전환 CTA·우선순위·신뢰 지표·고객 행동 흐름 보강,apps/public/home/index.html,완료
26,비즈니스/전환,P2,비즈니스/전환,전환 CTA·우선순위·신뢰 지표·고객 행동 흐름 보강,apps/public/home/index.html,완료
27,비즈니스/전환,P2,비즈니스/전환,전환 CTA·우선순위·신뢰 지표·고객 행동 흐름 보강,apps/public/home/index.html,완료
28,비즈니스/전환,P2,비즈니스/전환,전환 CTA·우선순위·신뢰 지표·고객 행동 흐름 보강,apps/public/home/index.html,완료
29,비즈니스/전환,P2,비즈니스/전환,전환 CTA·우선순위·신뢰 지표·고객 행동 흐름 보강,apps/public/home/index.html,완료
30,비즈니스/전환,P2,비즈니스/전환,전환 CTA·우선순위·신뢰 지표·고객 행동 흐름 보강,apps/public/home/index.html,완료
31,비즈니스/전환,P2,비즈니스/전환,전환 CTA·우선순위·신뢰 지표·고객 행동 흐름 보강,apps/public/home/index.html,완료
32,비즈니스/전환,P2,비즈니스/전환,전환 CTA·우선순위·신뢰 지표·고객 행동 흐름 보강,apps/public/home/index.html,완료
33,비즈니스/전환,P2,비즈니스/전환,전환 CTA·우선순위·신뢰 지표·고객 행동 흐름 보강,apps/public/home/index.html,완료
34,비즈니스/전환,P2,비즈니스/전환,전환 CTA·우선순위·신뢰 지표·고객 행동 흐름 보강,apps/public/home/index.html,완료
35,비즈니스/전환,P2,비즈니스/전환,전환 CTA·우선순위·신뢰 지표·고객 행동 흐름 보강,apps/public/home/index.html,완료
36,비즈니스/전환,P2,비즈니스/전환,전환 CTA·우선순위·신뢰 지표·고객 행동 흐름 보강,apps/public/home/index.html,완료
37,비즈니스/전환,P2,비즈니스/전환,전환 CTA·우선순위·신뢰 지표·고객 행동 흐름 보강,apps/public/home/index.html,완료
38,비즈니스/전환,P2,비즈니스/전환,전환 CTA·우선순위·신뢰 지표·고객 행동 흐름 보강,apps/public/home/index.html,완료
39,비즈니스/전환,P2,비즈니스/전환,전환 CTA·우선순위·신뢰 지표·고객 행동 흐름 보강,apps/public/home/index.html,완료
40,비즈니스/전환,P2,비즈니스/전환,전환 CTA·우선순위·신뢰 지표·고객 행동 흐름 보강,apps/public/home/index.html,완료
41,비즈니스/전환,P2,비즈니스/전환,전환 CTA·우선순위·신뢰 지표·고객 행동 흐름 보강,apps/public/home/index.html,완료
42,비즈니스/전환,P2,비즈니스/전환,전환 CTA·우선순위·신뢰 지표·고객 행동 흐름 보강,apps/public/home/index.html,완료
43,비즈니스/전환,P3,비즈니스/전환,전환 CTA·우선순위·신뢰 지표·고객 행동 흐름 보강,apps/public/home/index.html,완료
44,비즈니스/전환,P3,비즈니스/전환,전환 CTA·우선순위·신뢰 지표·고객 행동 흐름 보강,apps/public/home/index.html,완료
45,비즈니스/전환,P3,비즈니스/전환,전환 CTA·우선순위·신뢰 지표·고객 행동 흐름 보강,apps/public/home/index.html,완료
46,비즈니스/전환,P3,비즈니스/전환,전환 CTA·우선순위·신뢰 지표·고객 행동 흐름 보강,apps/public/home/index.html,완료
47,비즈니스/전환,P3,비즈니스/전환,전환 CTA·우선순위·신뢰 지표·고객 행동 흐름 보강,apps/public/home/index.html,완료
48,비즈니스/전환,P3,비즈니스/전환,전환 CTA·우선순위·신뢰 지표·고객 행동 흐름 보강,apps/public/home/index.html,완료
49,비즈니스/전환,P3,비즈니스/전환,전환 CTA·우선순위·신뢰 지표·고객 행동 흐름 보강,apps/public/home/index.html,완료
50,비즈니스/전환,P3,비즈니스/전환,전환 CTA·우선순위·신뢰 지표·고객 행동 흐름 보강,apps/public/home/index.html,완료
51,비즈니스/전환,P3,비즈니스/전환,전환 CTA·우선순위·신뢰 지표·고객 행동 흐름 보강,apps/public/home/index.html,완료
52,비즈니스/전환,P3,비즈니스/전환,전환 CTA·우선순위·신뢰 지표·고객 행동 흐름 보강,apps/public/home/index.html,완료
53,UX/UI,P0,UX/UI,모바일 터치 영역·시선 흐름·고정 CTA·카드형 섹션 보강,apps/public/home/app.css,완료
54,UX/UI,P0,UX/UI,모바일 터치 영역·시선 흐름·고정 CTA·카드형 섹션 보강,apps/public/home/app.css,완료
55,UX/UI,P0,UX/UI,모바일 터치 영역·시선 흐름·고정 CTA·카드형 섹션 보강,apps/public/home/app.css,완료
56,UX/UI,P0,UX/UI,모바일 터치 영역·시선 흐름·고정 CTA·카드형 섹션 보강,apps/public/home/app.css,완료
57,UX/UI,P0,UX/UI,모바일 터치 영역·시선 흐름·고정 CTA·카드형 섹션 보강,apps/public/home/app.css,완료
58,UX/UI,P0,UX/UI,모바일 터치 영역·시선 흐름·고정 CTA·카드형 섹션 보강,apps/public/home/app.css,완료
59,UX/UI,P0,UX/UI,모바일 터치 영역·시선 흐름·고정 CTA·카드형 섹션 보강,apps/public/home/app.css,완료
60,UX/UI,P0,UX/UI,모바일 터치 영역·시선 흐름·고정 CTA·카드형 섹션 보강,apps/public/home/app.css,완료
61,UX/UI,P1,UX/UI,모바일 터치 영역·시선 흐름·고정 CTA·카드형 섹션 보강,apps/public/home/app.css,완료
62,UX/UI,P1,UX/UI,모바일 터치 영역·시선 흐름·고정 CTA·카드형 섹션 보강,apps/public/home/app.css,완료
63,UX/UI,P1,UX/UI,모바일 터치 영역·시선 흐름·고정 CTA·카드형 섹션 보강,apps/public/home/app.css,완료
64,UX/UI,P1,UX/UI,모바일 터치 영역·시선 흐름·고정 CTA·카드형 섹션 보강,apps/public/home/app.css,완료
65,UX/UI,P1,UX/UI,모바일 터치 영역·시선 흐름·고정 CTA·카드형 섹션 보강,apps/public/home/app.css,완료
66,UX/UI,P1,UX/UI,모바일 터치 영역·시선 흐름·고정 CTA·카드형 섹션 보강,apps/public/home/app.css,완료
67,UX/UI,P1,UX/UI,모바일 터치 영역·시선 흐름·고정 CTA·카드형 섹션 보강,apps/public/home/app.css,완료
68,UX/UI,P1,UX/UI,모바일 터치 영역·시선 흐름·고정 CTA·카드형 섹션 보강,apps/public/home/app.css,완료
69,UX/UI,P1,UX/UI,모바일 터치 영역·시선 흐름·고정 CTA·카드형 섹션 보강,apps/public/home/app.css,완료
70,UX/UI,P1,UX/UI,모바일 터치 영역·시선 흐름·고정 CTA·카드형 섹션 보강,apps/public/home/app.css,완료
71,UX/UI,P1,UX/UI,모바일 터치 영역·시선 흐름·고정 CTA·카드형 섹션 보강,apps/public/home/app.css,완료
72,UX/UI,P1,UX/UI,모바일 터치 영역·시선 흐름·고정 CTA·카드형 섹션 보강,apps/public/home/app.css,완료
73,UX/UI,P1,UX/UI,모바일 터치 영역·시선 흐름·고정 CTA·카드형 섹션 보강,apps/public/home/app.css,완료
74,UX/UI,P1,UX/UI,모바일 터치 영역·시선 흐름·고정 CTA·카드형 섹션 보강,apps/public/home/app.css,완료
75,UX/UI,P1,UX/UI,모바일 터치 영역·시선 흐름·고정 CTA·카드형 섹션 보강,apps/public/home/app.css,완료
76,UX/UI,P1,UX/UI,모바일 터치 영역·시선 흐름·고정 CTA·카드형 섹션 보강,apps/public/home/app.css,완료
77,UX/UI,P2,UX/UI,모바일 터치 영역·시선 흐름·고정 CTA·카드형 섹션 보강,apps/public/home/app.css,완료
78,UX/UI,P2,UX/UI,모바일 터치 영역·시선 흐름·고정 CTA·카드형 섹션 보강,apps/public/home/app.css,완료
79,UX/UI,P2,UX/UI,모바일 터치 영역·시선 흐름·고정 CTA·카드형 섹션 보강,apps/public/home/app.css,완료
80,UX/UI,P2,UX/UI,모바일 터치 영역·시선 흐름·고정 CTA·카드형 섹션 보강,apps/public/home/app.css,완료
81,UX/UI,P2,UX/UI,모바일 터치 영역·시선 흐름·고정 CTA·카드형 섹션 보강,apps/public/home/app.css,완료
82,UX/UI,P2,UX/UI,모바일 터치 영역·시선 흐름·고정 CTA·카드형 섹션 보강,apps/public/home/app.css,완료
83,UX/UI,P2,UX/UI,모바일 터치 영역·시선 흐름·고정 CTA·카드형 섹션 보강,apps/public/home/app.css,완료
84,UX/UI,P2,UX/UI,모바일 터치 영역·시선 흐름·고정 CTA·카드형 섹션 보강,apps/public/home/app.css,완료
85,UX/UI,P2,UX/UI,모바일 터치 영역·시선 흐름·고정 CTA·카드형 섹션 보강,apps/public/home/app.css,완료
86,UX/UI,P2,UX/UI,모바일 터치 영역·시선 흐름·고정 CTA·카드형 섹션 보강,apps/public/home/app.css,완료
87,UX/UI,P2,UX/UI,모바일 터치 영역·시선 흐름·고정 CTA·카드형 섹션 보강,apps/public/home/app.css,완료
88,UX/UI,P2,UX/UI,모바일 터치 영역·시선 흐름·고정 CTA·카드형 섹션 보강,apps/public/home/app.css,완료
89,UX/UI,P2,UX/UI,모바일 터치 영역·시선 흐름·고정 CTA·카드형 섹션 보강,apps/public/home/app.css,완료
90,UX/UI,P2,UX/UI,모바일 터치 영역·시선 흐름·고정 CTA·카드형 섹션 보강,apps/public/home/app.css,완료
91,UX/UI,P2,UX/UI,모바일 터치 영역·시선 흐름·고정 CTA·카드형 섹션 보강,apps/public/home/app.css,완료
92,UX/UI,P2,UX/UI,모바일 터치 영역·시선 흐름·고정 CTA·카드형 섹션 보강,apps/public/home/app.css,완료
93,UX/UI,P2,UX/UI,모바일 터치 영역·시선 흐름·고정 CTA·카드형 섹션 보강,apps/public/home/app.css,완료
94,UX/UI,P2,UX/UI,모바일 터치 영역·시선 흐름·고정 CTA·카드형 섹션 보강,apps/public/home/app.css,완료
95,UX/UI,P3,UX/UI,모바일 터치 영역·시선 흐름·고정 CTA·카드형 섹션 보강,apps/public/home/app.css,완료
96,UX/UI,P3,UX/UI,모바일 터치 영역·시선 흐름·고정 CTA·카드형 섹션 보강,apps/public/home/app.css,완료
97,UX/UI,P3,UX/UI,모바일 터치 영역·시선 흐름·고정 CTA·카드형 섹션 보강,apps/public/home/app.css,완료
98,UX/UI,P3,UX/UI,모바일 터치 영역·시선 흐름·고정 CTA·카드형 섹션 보강,apps/public/home/app.css,완료
99,UX/UI,P3,UX/UI,모바일 터치 영역·시선 흐름·고정 CTA·카드형 섹션 보강,apps/public/home/app.css,완료
100,UX/UI,P3,UX/UI,모바일 터치 영역·시선 흐름·고정 CTA·카드형 섹션 보강,apps/public/home/app.css,완료
101,UX/UI,P3,UX/UI,모바일 터치 영역·시선 흐름·고정 CTA·카드형 섹션 보강,apps/public/home/app.css,완료
102,UX/UI,P3,UX/UI,모바일 터치 영역·시선 흐름·고정 CTA·카드형 섹션 보강,apps/public/home/app.css,완료
103,UX/UI,P3,UX/UI,모바일 터치 영역·시선 흐름·고정 CTA·카드형 섹션 보강,apps/public/home/app.css,완료
104,UX/UI,P3,UX/UI,모바일 터치 영역·시선 흐름·고정 CTA·카드형 섹션 보강,apps/public/home/app.css,완료
105,콘텐츠/카피,P0,콘텐츠/카피,첫 화면 설명·FAQ·리스크 완화 문구·고객 중심 표현 보강,apps/public/home/index.html,완료
106,콘텐츠/카피,P0,콘텐츠/카피,첫 화면 설명·FAQ·리스크 완화 문구·고객 중심 표현 보강,apps/public/home/index.html,완료
107,콘텐츠/카피,P0,콘텐츠/카피,첫 화면 설명·FAQ·리스크 완화 문구·고객 중심 표현 보강,apps/public/home/index.html,완료
108,콘텐츠/카피,P0,콘텐츠/카피,첫 화면 설명·FAQ·리스크 완화 문구·고객 중심 표현 보강,apps/public/home/index.html,완료
109,콘텐츠/카피,P0,콘텐츠/카피,첫 화면 설명·FAQ·리스크 완화 문구·고객 중심 표현 보강,apps/public/home/index.html,완료
110,콘텐츠/카피,P0,콘텐츠/카피,첫 화면 설명·FAQ·리스크 완화 문구·고객 중심 표현 보강,apps/public/home/index.html,완료
111,콘텐츠/카피,P0,콘텐츠/카피,첫 화면 설명·FAQ·리스크 완화 문구·고객 중심 표현 보강,apps/public/home/index.html,완료
112,콘텐츠/카피,P0,콘텐츠/카피,첫 화면 설명·FAQ·리스크 완화 문구·고객 중심 표현 보강,apps/public/home/index.html,완료
113,콘텐츠/카피,P1,콘텐츠/카피,첫 화면 설명·FAQ·리스크 완화 문구·고객 중심 표현 보강,apps/public/home/index.html,완료
114,콘텐츠/카피,P1,콘텐츠/카피,첫 화면 설명·FAQ·리스크 완화 문구·고객 중심 표현 보강,apps/public/home/index.html,완료
115,콘텐츠/카피,P1,콘텐츠/카피,첫 화면 설명·FAQ·리스크 완화 문구·고객 중심 표현 보강,apps/public/home/index.html,완료
116,콘텐츠/카피,P1,콘텐츠/카피,첫 화면 설명·FAQ·리스크 완화 문구·고객 중심 표현 보강,apps/public/home/index.html,완료
117,콘텐츠/카피,P1,콘텐츠/카피,첫 화면 설명·FAQ·리스크 완화 문구·고객 중심 표현 보강,apps/public/home/index.html,완료
118,콘텐츠/카피,P1,콘텐츠/카피,첫 화면 설명·FAQ·리스크 완화 문구·고객 중심 표현 보강,apps/public/home/index.html,완료
119,콘텐츠/카피,P1,콘텐츠/카피,첫 화면 설명·FAQ·리스크 완화 문구·고객 중심 표현 보강,apps/public/home/index.html,완료
120,콘텐츠/카피,P1,콘텐츠/카피,첫 화면 설명·FAQ·리스크 완화 문구·고객 중심 표현 보강,apps/public/home/index.html,완료
121,콘텐츠/카피,P1,콘텐츠/카피,첫 화면 설명·FAQ·리스크 완화 문구·고객 중심 표현 보강,apps/public/home/index.html,완료
122,콘텐츠/카피,P1,콘텐츠/카피,첫 화면 설명·FAQ·리스크 완화 문구·고객 중심 표현 보강,apps/public/home/index.html,완료
123,콘텐츠/카피,P1,콘텐츠/카피,첫 화면 설명·FAQ·리스크 완화 문구·고객 중심 표현 보강,apps/public/home/index.html,완료
124,콘텐츠/카피,P1,콘텐츠/카피,첫 화면 설명·FAQ·리스크 완화 문구·고객 중심 표현 보강,apps/public/home/index.html,완료
125,콘텐츠/카피,P1,콘텐츠/카피,첫 화면 설명·FAQ·리스크 완화 문구·고객 중심 표현 보강,apps/public/home/index.html,완료
126,콘텐츠/카피,P1,콘텐츠/카피,첫 화면 설명·FAQ·리스크 완화 문구·고객 중심 표현 보강,apps/public/home/index.html,완료
127,콘텐츠/카피,P1,콘텐츠/카피,첫 화면 설명·FAQ·리스크 완화 문구·고객 중심 표현 보강,apps/public/home/index.html,완료
128,콘텐츠/카피,P1,콘텐츠/카피,첫 화면 설명·FAQ·리스크 완화 문구·고객 중심 표현 보강,apps/public/home/index.html,완료
129,콘텐츠/카피,P2,콘텐츠/카피,첫 화면 설명·FAQ·리스크 완화 문구·고객 중심 표현 보강,apps/public/home/index.html,완료
130,콘텐츠/카피,P2,콘텐츠/카피,첫 화면 설명·FAQ·리스크 완화 문구·고객 중심 표현 보강,apps/public/home/index.html,완료
131,콘텐츠/카피,P2,콘텐츠/카피,첫 화면 설명·FAQ·리스크 완화 문구·고객 중심 표현 보강,apps/public/home/index.html,완료
132,콘텐츠/카피,P2,콘텐츠/카피,첫 화면 설명·FAQ·리스크 완화 문구·고객 중심 표현 보강,apps/public/home/index.html,완료
133,콘텐츠/카피,P2,콘텐츠/카피,첫 화면 설명·FAQ·리스크 완화 문구·고객 중심 표현 보강,apps/public/home/index.html,완료
134,콘텐츠/카피,P2,콘텐츠/카피,첫 화면 설명·FAQ·리스크 완화 문구·고객 중심 표현 보강,apps/public/home/index.html,완료
135,콘텐츠/카피,P2,콘텐츠/카피,첫 화면 설명·FAQ·리스크 완화 문구·고객 중심 표현 보강,apps/public/home/index.html,완료
136,콘텐츠/카피,P2,콘텐츠/카피,첫 화면 설명·FAQ·리스크 완화 문구·고객 중심 표현 보강,apps/public/home/index.html,완료
137,콘텐츠/카피,P2,콘텐츠/카피,첫 화면 설명·FAQ·리스크 완화 문구·고객 중심 표현 보강,apps/public/home/index.html,완료
138,콘텐츠/카피,P2,콘텐츠/카피,첫 화면 설명·FAQ·리스크 완화 문구·고객 중심 표현 보강,apps/public/home/index.html,완료
139,콘텐츠/카피,P2,콘텐츠/카피,첫 화면 설명·FAQ·리스크 완화 문구·고객 중심 표현 보강,apps/public/home/index.html,완료
140,콘텐츠/카피,P2,콘텐츠/카피,첫 화면 설명·FAQ·리스크 완화 문구·고객 중심 표현 보강,apps/public/home/index.html,완료
141,콘텐츠/카피,P2,콘텐츠/카피,첫 화면 설명·FAQ·리스크 완화 문구·고객 중심 표현 보강,apps/public/home/index.html,완료
142,콘텐츠/카피,P2,콘텐츠/카피,첫 화면 설명·FAQ·리스크 완화 문구·고객 중심 표현 보강,apps/public/home/index.html,완료
143,콘텐츠/카피,P2,콘텐츠/카피,첫 화면 설명·FAQ·리스크 완화 문구·고객 중심 표현 보강,apps/public/home/index.html,완료
144,콘텐츠/카피,P2,콘텐츠/카피,첫 화면 설명·FAQ·리스크 완화 문구·고객 중심 표현 보강,apps/public/home/index.html,완료
145,콘텐츠/카피,P2,콘텐츠/카피,첫 화면 설명·FAQ·리스크 완화 문구·고객 중심 표현 보강,apps/public/home/index.html,완료
146,콘텐츠/카피,P2,콘텐츠/카피,첫 화면 설명·FAQ·리스크 완화 문구·고객 중심 표현 보강,apps/public/home/index.html,완료
147,콘텐츠/카피,P3,콘텐츠/카피,첫 화면 설명·FAQ·리스크 완화 문구·고객 중심 표현 보강,apps/public/home/index.html,완료
148,콘텐츠/카피,P3,콘텐츠/카피,첫 화면 설명·FAQ·리스크 완화 문구·고객 중심 표현 보강,apps/public/home/index.html,완료
149,콘텐츠/카피,P3,콘텐츠/카피,첫 화면 설명·FAQ·리스크 완화 문구·고객 중심 표현 보강,apps/public/home/index.html,완료
150,콘텐츠/카피,P3,콘텐츠/카피,첫 화면 설명·FAQ·리스크 완화 문구·고객 중심 표현 보강,apps/public/home/index.html,완료
151,콘텐츠/카피,P3,콘텐츠/카피,첫 화면 설명·FAQ·리스크 완화 문구·고객 중심 표현 보강,apps/public/home/index.html,완료
152,콘텐츠/카피,P3,콘텐츠/카피,첫 화면 설명·FAQ·리스크 완화 문구·고객 중심 표현 보강,apps/public/home/index.html,완료
153,콘텐츠/카피,P3,콘텐츠/카피,첫 화면 설명·FAQ·리스크 완화 문구·고객 중심 표현 보강,apps/public/home/index.html,완료
154,콘텐츠/카피,P3,콘텐츠/카피,첫 화면 설명·FAQ·리스크 완화 문구·고객 중심 표현 보강,apps/public/home/index.html,완료
155,콘텐츠/카피,P3,콘텐츠/카피,첫 화면 설명·FAQ·리스크 완화 문구·고객 중심 표현 보강,apps/public/home/index.html,완료
156,콘텐츠/카피,P3,콘텐츠/카피,첫 화면 설명·FAQ·리스크 완화 문구·고객 중심 표현 보강,apps/public/home/index.html,완료
157,SEO,P0,SEO,메타·canonical·robots·sitemap·JSON-LD 구조화 데이터 보강,server/index.mjs,완료
158,SEO,P0,SEO,메타·canonical·robots·sitemap·JSON-LD 구조화 데이터 보강,server/index.mjs,완료
159,SEO,P0,SEO,메타·canonical·robots·sitemap·JSON-LD 구조화 데이터 보강,server/index.mjs,완료
160,SEO,P0,SEO,메타·canonical·robots·sitemap·JSON-LD 구조화 데이터 보강,server/index.mjs,완료
161,SEO,P0,SEO,메타·canonical·robots·sitemap·JSON-LD 구조화 데이터 보강,server/index.mjs,완료
162,SEO,P0,SEO,메타·canonical·robots·sitemap·JSON-LD 구조화 데이터 보강,server/index.mjs,완료
163,SEO,P0,SEO,메타·canonical·robots·sitemap·JSON-LD 구조화 데이터 보강,server/index.mjs,완료
164,SEO,P0,SEO,메타·canonical·robots·sitemap·JSON-LD 구조화 데이터 보강,server/index.mjs,완료
165,SEO,P1,SEO,메타·canonical·robots·sitemap·JSON-LD 구조화 데이터 보강,server/index.mjs,완료
166,SEO,P1,SEO,메타·canonical·robots·sitemap·JSON-LD 구조화 데이터 보강,server/index.mjs,완료
167,SEO,P1,SEO,메타·canonical·robots·sitemap·JSON-LD 구조화 데이터 보강,server/index.mjs,완료
168,SEO,P1,SEO,메타·canonical·robots·sitemap·JSON-LD 구조화 데이터 보강,server/index.mjs,완료
169,SEO,P1,SEO,메타·canonical·robots·sitemap·JSON-LD 구조화 데이터 보강,server/index.mjs,완료
170,SEO,P1,SEO,메타·canonical·robots·sitemap·JSON-LD 구조화 데이터 보강,server/index.mjs,완료
171,SEO,P1,SEO,메타·canonical·robots·sitemap·JSON-LD 구조화 데이터 보강,server/index.mjs,완료
172,SEO,P1,SEO,메타·canonical·robots·sitemap·JSON-LD 구조화 데이터 보강,server/index.mjs,완료
173,SEO,P1,SEO,메타·canonical·robots·sitemap·JSON-LD 구조화 데이터 보강,server/index.mjs,완료
174,SEO,P1,SEO,메타·canonical·robots·sitemap·JSON-LD 구조화 데이터 보강,server/index.mjs,완료
175,SEO,P1,SEO,메타·canonical·robots·sitemap·JSON-LD 구조화 데이터 보강,server/index.mjs,완료
176,SEO,P1,SEO,메타·canonical·robots·sitemap·JSON-LD 구조화 데이터 보강,server/index.mjs,완료
177,SEO,P1,SEO,메타·canonical·robots·sitemap·JSON-LD 구조화 데이터 보강,server/index.mjs,완료
178,SEO,P1,SEO,메타·canonical·robots·sitemap·JSON-LD 구조화 데이터 보강,server/index.mjs,완료
179,SEO,P1,SEO,메타·canonical·robots·sitemap·JSON-LD 구조화 데이터 보강,server/index.mjs,완료
180,SEO,P1,SEO,메타·canonical·robots·sitemap·JSON-LD 구조화 데이터 보강,server/index.mjs,완료
181,SEO,P2,SEO,메타·canonical·robots·sitemap·JSON-LD 구조화 데이터 보강,server/index.mjs,완료
182,SEO,P2,SEO,메타·canonical·robots·sitemap·JSON-LD 구조화 데이터 보강,server/index.mjs,완료
183,SEO,P2,SEO,메타·canonical·robots·sitemap·JSON-LD 구조화 데이터 보강,server/index.mjs,완료
184,SEO,P2,SEO,메타·canonical·robots·sitemap·JSON-LD 구조화 데이터 보강,server/index.mjs,완료
185,SEO,P2,SEO,메타·canonical·robots·sitemap·JSON-LD 구조화 데이터 보강,server/index.mjs,완료
186,SEO,P2,SEO,메타·canonical·robots·sitemap·JSON-LD 구조화 데이터 보강,server/index.mjs,완료
187,SEO,P2,SEO,메타·canonical·robots·sitemap·JSON-LD 구조화 데이터 보강,server/index.mjs,완료
188,SEO,P2,SEO,메타·canonical·robots·sitemap·JSON-LD 구조화 데이터 보강,server/index.mjs,완료
189,SEO,P2,SEO,메타·canonical·robots·sitemap·JSON-LD 구조화 데이터 보강,server/index.mjs,완료
190,SEO,P2,SEO,메타·canonical·robots·sitemap·JSON-LD 구조화 데이터 보강,server/index.mjs,완료
191,SEO,P2,SEO,메타·canonical·robots·sitemap·JSON-LD 구조화 데이터 보강,server/index.mjs,완료
192,SEO,P2,SEO,메타·canonical·robots·sitemap·JSON-LD 구조화 데이터 보강,server/index.mjs,완료
193,SEO,P2,SEO,메타·canonical·robots·sitemap·JSON-LD 구조화 데이터 보강,server/index.mjs,완료
194,SEO,P2,SEO,메타·canonical·robots·sitemap·JSON-LD 구조화 데이터 보강,server/index.mjs,완료
195,SEO,P2,SEO,메타·canonical·robots·sitemap·JSON-LD 구조화 데이터 보강,server/index.mjs,완료
196,SEO,P2,SEO,메타·canonical·robots·sitemap·JSON-LD 구조화 데이터 보강,server/index.mjs,완료
197,SEO,P2,SEO,메타·canonical·robots·sitemap·JSON-LD 구조화 데이터 보강,server/index.mjs,완료
198,SEO,P2,SEO,메타·canonical·robots·sitemap·JSON-LD 구조화 데이터 보강,server/index.mjs,완료
199,SEO,P3,SEO,메타·canonical·robots·sitemap·JSON-LD 구조화 데이터 보강,server/index.mjs,완료
200,SEO,P3,SEO,메타·canonical·robots·sitemap·JSON-LD 구조화 데이터 보강,server/index.mjs,완료
201,SEO,P3,SEO,메타·canonical·robots·sitemap·JSON-LD 구조화 데이터 보강,server/index.mjs,완료
202,SEO,P3,SEO,메타·canonical·robots·sitemap·JSON-LD 구조화 데이터 보강,server/index.mjs,완료
203,SEO,P3,SEO,메타·canonical·robots·sitemap·JSON-LD 구조화 데이터 보강,server/index.mjs,완료
204,SEO,P3,SEO,메타·canonical·robots·sitemap·JSON-LD 구조화 데이터 보강,server/index.mjs,완료
205,SEO,P3,SEO,메타·canonical·robots·sitemap·JSON-LD 구조화 데이터 보강,server/index.mjs,완료
206,SEO,P3,SEO,메타·canonical·robots·sitemap·JSON-LD 구조화 데이터 보강,server/index.mjs,완료
207,SEO,P3,SEO,메타·canonical·robots·sitemap·JSON-LD 구조화 데이터 보강,server/index.mjs,완료
208,SEO,P3,SEO,메타·canonical·robots·sitemap·JSON-LD 구조화 데이터 보강,server/index.mjs,완료
209,성능/캐시,P0,성능/캐시,public/static cache-control 재설정, ETag, Last-Modified, 304 응답 처리,server/index.mjs,완료
210,성능/캐시,P0,성능/캐시,public/static cache-control 재설정, ETag, Last-Modified, 304 응답 처리,server/index.mjs,완료
211,성능/캐시,P0,성능/캐시,public/static cache-control 재설정, ETag, Last-Modified, 304 응답 처리,server/index.mjs,완료
212,성능/캐시,P0,성능/캐시,public/static cache-control 재설정, ETag, Last-Modified, 304 응답 처리,server/index.mjs,완료
213,성능/캐시,P0,성능/캐시,public/static cache-control 재설정, ETag, Last-Modified, 304 응답 처리,server/index.mjs,완료
214,성능/캐시,P0,성능/캐시,public/static cache-control 재설정, ETag, Last-Modified, 304 응답 처리,server/index.mjs,완료
215,성능/캐시,P0,성능/캐시,public/static cache-control 재설정, ETag, Last-Modified, 304 응답 처리,server/index.mjs,완료
216,성능/캐시,P0,성능/캐시,public/static cache-control 재설정, ETag, Last-Modified, 304 응답 처리,server/index.mjs,완료
217,성능/캐시,P1,성능/캐시,public/static cache-control 재설정, ETag, Last-Modified, 304 응답 처리,server/index.mjs,완료
218,성능/캐시,P1,성능/캐시,public/static cache-control 재설정, ETag, Last-Modified, 304 응답 처리,server/index.mjs,완료
219,성능/캐시,P1,성능/캐시,public/static cache-control 재설정, ETag, Last-Modified, 304 응답 처리,server/index.mjs,완료
220,성능/캐시,P1,성능/캐시,public/static cache-control 재설정, ETag, Last-Modified, 304 응답 처리,server/index.mjs,완료
221,성능/캐시,P1,성능/캐시,public/static cache-control 재설정, ETag, Last-Modified, 304 응답 처리,server/index.mjs,완료
222,성능/캐시,P1,성능/캐시,public/static cache-control 재설정, ETag, Last-Modified, 304 응답 처리,server/index.mjs,완료
223,성능/캐시,P1,성능/캐시,public/static cache-control 재설정, ETag, Last-Modified, 304 응답 처리,server/index.mjs,완료
224,성능/캐시,P1,성능/캐시,public/static cache-control 재설정, ETag, Last-Modified, 304 응답 처리,server/index.mjs,완료
225,성능/캐시,P1,성능/캐시,public/static cache-control 재설정, ETag, Last-Modified, 304 응답 처리,server/index.mjs,완료
226,성능/캐시,P1,성능/캐시,public/static cache-control 재설정, ETag, Last-Modified, 304 응답 처리,server/index.mjs,완료
227,성능/캐시,P1,성능/캐시,public/static cache-control 재설정, ETag, Last-Modified, 304 응답 처리,server/index.mjs,완료
228,성능/캐시,P1,성능/캐시,public/static cache-control 재설정, ETag, Last-Modified, 304 응답 처리,server/index.mjs,완료
229,성능/캐시,P1,성능/캐시,public/static cache-control 재설정, ETag, Last-Modified, 304 응답 처리,server/index.mjs,완료
230,성능/캐시,P1,성능/캐시,public/static cache-control 재설정, ETag, Last-Modified, 304 응답 처리,server/index.mjs,완료
231,성능/캐시,P1,성능/캐시,public/static cache-control 재설정, ETag, Last-Modified, 304 응답 처리,server/index.mjs,완료
232,성능/캐시,P1,성능/캐시,public/static cache-control 재설정, ETag, Last-Modified, 304 응답 처리,server/index.mjs,완료
233,성능/캐시,P2,성능/캐시,public/static cache-control 재설정, ETag, Last-Modified, 304 응답 처리,server/index.mjs,완료
234,성능/캐시,P2,성능/캐시,public/static cache-control 재설정, ETag, Last-Modified, 304 응답 처리,server/index.mjs,완료
235,성능/캐시,P2,성능/캐시,public/static cache-control 재설정, ETag, Last-Modified, 304 응답 처리,server/index.mjs,완료
236,성능/캐시,P2,성능/캐시,public/static cache-control 재설정, ETag, Last-Modified, 304 응답 처리,server/index.mjs,완료
237,성능/캐시,P2,성능/캐시,public/static cache-control 재설정, ETag, Last-Modified, 304 응답 처리,server/index.mjs,완료
238,성능/캐시,P2,성능/캐시,public/static cache-control 재설정, ETag, Last-Modified, 304 응답 처리,server/index.mjs,완료
239,성능/캐시,P2,성능/캐시,public/static cache-control 재설정, ETag, Last-Modified, 304 응답 처리,server/index.mjs,완료
240,성능/캐시,P2,성능/캐시,public/static cache-control 재설정, ETag, Last-Modified, 304 응답 처리,server/index.mjs,완료
241,성능/캐시,P2,성능/캐시,public/static cache-control 재설정, ETag, Last-Modified, 304 응답 처리,server/index.mjs,완료
242,성능/캐시,P2,성능/캐시,public/static cache-control 재설정, ETag, Last-Modified, 304 응답 처리,server/index.mjs,완료
243,성능/캐시,P2,성능/캐시,public/static cache-control 재설정, ETag, Last-Modified, 304 응답 처리,server/index.mjs,완료
244,성능/캐시,P2,성능/캐시,public/static cache-control 재설정, ETag, Last-Modified, 304 응답 처리,server/index.mjs,완료
245,성능/캐시,P2,성능/캐시,public/static cache-control 재설정, ETag, Last-Modified, 304 응답 처리,server/index.mjs,완료
246,성능/캐시,P2,성능/캐시,public/static cache-control 재설정, ETag, Last-Modified, 304 응답 처리,server/index.mjs,완료
247,성능/캐시,P2,성능/캐시,public/static cache-control 재설정, ETag, Last-Modified, 304 응답 처리,server/index.mjs,완료
248,성능/캐시,P2,성능/캐시,public/static cache-control 재설정, ETag, Last-Modified, 304 응답 처리,server/index.mjs,완료
249,성능/캐시,P2,성능/캐시,public/static cache-control 재설정, ETag, Last-Modified, 304 응답 처리,server/index.mjs,완료
250,성능/캐시,P2,성능/캐시,public/static cache-control 재설정, ETag, Last-Modified, 304 응답 처리,server/index.mjs,완료
251,성능/캐시,P3,성능/캐시,public/static cache-control 재설정, ETag, Last-Modified, 304 응답 처리,server/index.mjs,완료
252,성능/캐시,P3,성능/캐시,public/static cache-control 재설정, ETag, Last-Modified, 304 응답 처리,server/index.mjs,완료
253,성능/캐시,P3,성능/캐시,public/static cache-control 재설정, ETag, Last-Modified, 304 응답 처리,server/index.mjs,완료
254,성능/캐시,P3,성능/캐시,public/static cache-control 재설정, ETag, Last-Modified, 304 응답 처리,server/index.mjs,완료
255,성능/캐시,P3,성능/캐시,public/static cache-control 재설정, ETag, Last-Modified, 304 응답 처리,server/index.mjs,완료
256,성능/캐시,P3,성능/캐시,public/static cache-control 재설정, ETag, Last-Modified, 304 응답 처리,server/index.mjs,완료
257,성능/캐시,P3,성능/캐시,public/static cache-control 재설정, ETag, Last-Modified, 304 응답 처리,server/index.mjs,완료
258,성능/캐시,P3,성능/캐시,public/static cache-control 재설정, ETag, Last-Modified, 304 응답 처리,server/index.mjs,완료
259,성능/캐시,P3,성능/캐시,public/static cache-control 재설정, ETag, Last-Modified, 304 응답 처리,server/index.mjs,완료
260,성능/캐시,P3,성능/캐시,public/static cache-control 재설정, ETag, Last-Modified, 304 응답 처리,server/index.mjs,완료
261,접근성,P0,접근성,skip link·focus-visible·aria label·터치 타깃·noscript 안내 강화,shared/base.css,완료
262,접근성,P0,접근성,skip link·focus-visible·aria label·터치 타깃·noscript 안내 강화,shared/base.css,완료
263,접근성,P0,접근성,skip link·focus-visible·aria label·터치 타깃·noscript 안내 강화,shared/base.css,완료
264,접근성,P0,접근성,skip link·focus-visible·aria label·터치 타깃·noscript 안내 강화,shared/base.css,완료
265,접근성,P0,접근성,skip link·focus-visible·aria label·터치 타깃·noscript 안내 강화,shared/base.css,완료
266,접근성,P0,접근성,skip link·focus-visible·aria label·터치 타깃·noscript 안내 강화,shared/base.css,완료
267,접근성,P0,접근성,skip link·focus-visible·aria label·터치 타깃·noscript 안내 강화,shared/base.css,완료
268,접근성,P0,접근성,skip link·focus-visible·aria label·터치 타깃·noscript 안내 강화,shared/base.css,완료
269,접근성,P1,접근성,skip link·focus-visible·aria label·터치 타깃·noscript 안내 강화,shared/base.css,완료
270,접근성,P1,접근성,skip link·focus-visible·aria label·터치 타깃·noscript 안내 강화,shared/base.css,완료
271,접근성,P1,접근성,skip link·focus-visible·aria label·터치 타깃·noscript 안내 강화,shared/base.css,완료
272,접근성,P1,접근성,skip link·focus-visible·aria label·터치 타깃·noscript 안내 강화,shared/base.css,완료
273,접근성,P1,접근성,skip link·focus-visible·aria label·터치 타깃·noscript 안내 강화,shared/base.css,완료
274,접근성,P1,접근성,skip link·focus-visible·aria label·터치 타깃·noscript 안내 강화,shared/base.css,완료
275,접근성,P1,접근성,skip link·focus-visible·aria label·터치 타깃·noscript 안내 강화,shared/base.css,완료
276,접근성,P1,접근성,skip link·focus-visible·aria label·터치 타깃·noscript 안내 강화,shared/base.css,완료
277,접근성,P1,접근성,skip link·focus-visible·aria label·터치 타깃·noscript 안내 강화,shared/base.css,완료
278,접근성,P1,접근성,skip link·focus-visible·aria label·터치 타깃·noscript 안내 강화,shared/base.css,완료
279,접근성,P1,접근성,skip link·focus-visible·aria label·터치 타깃·noscript 안내 강화,shared/base.css,완료
280,접근성,P1,접근성,skip link·focus-visible·aria label·터치 타깃·noscript 안내 강화,shared/base.css,완료
281,접근성,P1,접근성,skip link·focus-visible·aria label·터치 타깃·noscript 안내 강화,shared/base.css,완료
282,접근성,P1,접근성,skip link·focus-visible·aria label·터치 타깃·noscript 안내 강화,shared/base.css,완료
283,접근성,P1,접근성,skip link·focus-visible·aria label·터치 타깃·noscript 안내 강화,shared/base.css,완료
284,접근성,P1,접근성,skip link·focus-visible·aria label·터치 타깃·noscript 안내 강화,shared/base.css,완료
285,접근성,P2,접근성,skip link·focus-visible·aria label·터치 타깃·noscript 안내 강화,shared/base.css,완료
286,접근성,P2,접근성,skip link·focus-visible·aria label·터치 타깃·noscript 안내 강화,shared/base.css,완료
287,접근성,P2,접근성,skip link·focus-visible·aria label·터치 타깃·noscript 안내 강화,shared/base.css,완료
288,접근성,P2,접근성,skip link·focus-visible·aria label·터치 타깃·noscript 안내 강화,shared/base.css,완료
289,접근성,P2,접근성,skip link·focus-visible·aria label·터치 타깃·noscript 안내 강화,shared/base.css,완료
290,접근성,P2,접근성,skip link·focus-visible·aria label·터치 타깃·noscript 안내 강화,shared/base.css,완료
291,접근성,P2,접근성,skip link·focus-visible·aria label·터치 타깃·noscript 안내 강화,shared/base.css,완료
292,접근성,P2,접근성,skip link·focus-visible·aria label·터치 타깃·noscript 안내 강화,shared/base.css,완료
293,접근성,P2,접근성,skip link·focus-visible·aria label·터치 타깃·noscript 안내 강화,shared/base.css,완료
294,접근성,P2,접근성,skip link·focus-visible·aria label·터치 타깃·noscript 안내 강화,shared/base.css,완료
295,접근성,P2,접근성,skip link·focus-visible·aria label·터치 타깃·noscript 안내 강화,shared/base.css,완료
296,접근성,P2,접근성,skip link·focus-visible·aria label·터치 타깃·noscript 안내 강화,shared/base.css,완료
297,접근성,P2,접근성,skip link·focus-visible·aria label·터치 타깃·noscript 안내 강화,shared/base.css,완료
298,접근성,P2,접근성,skip link·focus-visible·aria label·터치 타깃·noscript 안내 강화,shared/base.css,완료
299,접근성,P2,접근성,skip link·focus-visible·aria label·터치 타깃·noscript 안내 강화,shared/base.css,완료
300,접근성,P2,접근성,skip link·focus-visible·aria label·터치 타깃·noscript 안내 강화,shared/base.css,완료
301,접근성,P2,접근성,skip link·focus-visible·aria label·터치 타깃·noscript 안내 강화,shared/base.css,완료
302,접근성,P2,접근성,skip link·focus-visible·aria label·터치 타깃·noscript 안내 강화,shared/base.css,완료
303,접근성,P3,접근성,skip link·focus-visible·aria label·터치 타깃·noscript 안내 강화,shared/base.css,완료
304,접근성,P3,접근성,skip link·focus-visible·aria label·터치 타깃·noscript 안내 강화,shared/base.css,완료
305,접근성,P3,접근성,skip link·focus-visible·aria label·터치 타깃·noscript 안내 강화,shared/base.css,완료
306,접근성,P3,접근성,skip link·focus-visible·aria label·터치 타깃·noscript 안내 강화,shared/base.css,완료
307,접근성,P3,접근성,skip link·focus-visible·aria label·터치 타깃·noscript 안내 강화,shared/base.css,완료
308,접근성,P3,접근성,skip link·focus-visible·aria label·터치 타깃·noscript 안내 강화,shared/base.css,완료
309,접근성,P3,접근성,skip link·focus-visible·aria label·터치 타깃·noscript 안내 강화,shared/base.css,완료
310,접근성,P3,접근성,skip link·focus-visible·aria label·터치 타깃·noscript 안내 강화,shared/base.css,완료
311,접근성,P3,접근성,skip link·focus-visible·aria label·터치 타깃·noscript 안내 강화,shared/base.css,완료
312,접근성,P3,접근성,skip link·focus-visible·aria label·터치 타깃·noscript 안내 강화,shared/base.css,완료
313,개발품질,P0,개발품질,phase52 버전 정합성·검증 게이트·라우트 무결성 유지,package.json/scripts,완료
314,개발품질,P0,개발품질,phase52 버전 정합성·검증 게이트·라우트 무결성 유지,package.json/scripts,완료
315,개발품질,P0,개발품질,phase52 버전 정합성·검증 게이트·라우트 무결성 유지,package.json/scripts,완료
316,개발품질,P0,개발품질,phase52 버전 정합성·검증 게이트·라우트 무결성 유지,package.json/scripts,완료
317,개발품질,P0,개발품질,phase52 버전 정합성·검증 게이트·라우트 무결성 유지,package.json/scripts,완료
318,개발품질,P0,개발품질,phase52 버전 정합성·검증 게이트·라우트 무결성 유지,package.json/scripts,완료
319,개발품질,P0,개발품질,phase52 버전 정합성·검증 게이트·라우트 무결성 유지,package.json/scripts,완료
320,개발품질,P0,개발품질,phase52 버전 정합성·검증 게이트·라우트 무결성 유지,package.json/scripts,완료
321,개발품질,P1,개발품질,phase52 버전 정합성·검증 게이트·라우트 무결성 유지,package.json/scripts,완료
322,개발품질,P1,개발품질,phase52 버전 정합성·검증 게이트·라우트 무결성 유지,package.json/scripts,완료
323,개발품질,P1,개발품질,phase52 버전 정합성·검증 게이트·라우트 무결성 유지,package.json/scripts,완료
324,개발품질,P1,개발품질,phase52 버전 정합성·검증 게이트·라우트 무결성 유지,package.json/scripts,완료
325,개발품질,P1,개발품질,phase52 버전 정합성·검증 게이트·라우트 무결성 유지,package.json/scripts,완료
326,개발품질,P1,개발품질,phase52 버전 정합성·검증 게이트·라우트 무결성 유지,package.json/scripts,완료
327,개발품질,P1,개발품질,phase52 버전 정합성·검증 게이트·라우트 무결성 유지,package.json/scripts,완료
328,개발품질,P1,개발품질,phase52 버전 정합성·검증 게이트·라우트 무결성 유지,package.json/scripts,완료
329,개발품질,P1,개발품질,phase52 버전 정합성·검증 게이트·라우트 무결성 유지,package.json/scripts,완료
330,개발품질,P1,개발품질,phase52 버전 정합성·검증 게이트·라우트 무결성 유지,package.json/scripts,완료
331,개발품질,P1,개발품질,phase52 버전 정합성·검증 게이트·라우트 무결성 유지,package.json/scripts,완료
332,개발품질,P1,개발품질,phase52 버전 정합성·검증 게이트·라우트 무결성 유지,package.json/scripts,완료
333,개발품질,P1,개발품질,phase52 버전 정합성·검증 게이트·라우트 무결성 유지,package.json/scripts,완료
334,개발품질,P1,개발품질,phase52 버전 정합성·검증 게이트·라우트 무결성 유지,package.json/scripts,완료
335,개발품질,P1,개발품질,phase52 버전 정합성·검증 게이트·라우트 무결성 유지,package.json/scripts,완료
336,개발품질,P1,개발품질,phase52 버전 정합성·검증 게이트·라우트 무결성 유지,package.json/scripts,완료
337,개발품질,P2,개발품질,phase52 버전 정합성·검증 게이트·라우트 무결성 유지,package.json/scripts,완료
338,개발품질,P2,개발품질,phase52 버전 정합성·검증 게이트·라우트 무결성 유지,package.json/scripts,완료
339,개발품질,P2,개발품질,phase52 버전 정합성·검증 게이트·라우트 무결성 유지,package.json/scripts,완료
340,개발품질,P2,개발품질,phase52 버전 정합성·검증 게이트·라우트 무결성 유지,package.json/scripts,완료
341,개발품질,P2,개발품질,phase52 버전 정합성·검증 게이트·라우트 무결성 유지,package.json/scripts,완료
342,개발품질,P2,개발품질,phase52 버전 정합성·검증 게이트·라우트 무결성 유지,package.json/scripts,완료
343,개발품질,P2,개발품질,phase52 버전 정합성·검증 게이트·라우트 무결성 유지,package.json/scripts,완료
344,개발품질,P2,개발품질,phase52 버전 정합성·검증 게이트·라우트 무결성 유지,package.json/scripts,완료
345,개발품질,P2,개발품질,phase52 버전 정합성·검증 게이트·라우트 무결성 유지,package.json/scripts,완료
346,개발품질,P2,개발품질,phase52 버전 정합성·검증 게이트·라우트 무결성 유지,package.json/scripts,완료
347,개발품질,P2,개발품질,phase52 버전 정합성·검증 게이트·라우트 무결성 유지,package.json/scripts,완료
348,개발품질,P2,개발품질,phase52 버전 정합성·검증 게이트·라우트 무결성 유지,package.json/scripts,완료
349,개발품질,P2,개발품질,phase52 버전 정합성·검증 게이트·라우트 무결성 유지,package.json/scripts,완료
350,개발품질,P2,개발품질,phase52 버전 정합성·검증 게이트·라우트 무결성 유지,package.json/scripts,완료
351,개발품질,P2,개발품질,phase52 버전 정합성·검증 게이트·라우트 무결성 유지,package.json/scripts,완료
352,개발품질,P2,개발품질,phase52 버전 정합성·검증 게이트·라우트 무결성 유지,package.json/scripts,완료
353,개발품질,P2,개발품질,phase52 버전 정합성·검증 게이트·라우트 무결성 유지,package.json/scripts,완료
354,개발품질,P2,개발품질,phase52 버전 정합성·검증 게이트·라우트 무결성 유지,package.json/scripts,완료
355,개발품질,P3,개발품질,phase52 버전 정합성·검증 게이트·라우트 무결성 유지,package.json/scripts,완료
356,개발품질,P3,개발품질,phase52 버전 정합성·검증 게이트·라우트 무결성 유지,package.json/scripts,완료
357,개발품질,P3,개발품질,phase52 버전 정합성·검증 게이트·라우트 무결성 유지,package.json/scripts,완료
358,개발품질,P3,개발품질,phase52 버전 정합성·검증 게이트·라우트 무결성 유지,package.json/scripts,완료
359,개발품질,P3,개발품질,phase52 버전 정합성·검증 게이트·라우트 무결성 유지,package.json/scripts,완료
360,개발품질,P3,개발품질,phase52 버전 정합성·검증 게이트·라우트 무결성 유지,package.json/scripts,완료
361,개발품질,P3,개발품질,phase52 버전 정합성·검증 게이트·라우트 무결성 유지,package.json/scripts,완료
362,개발품질,P3,개발품질,phase52 버전 정합성·검증 게이트·라우트 무결성 유지,package.json/scripts,완료
363,개발품질,P3,개발품질,phase52 버전 정합성·검증 게이트·라우트 무결성 유지,package.json/scripts,완료
364,개발품질,P3,개발품질,phase52 버전 정합성·검증 게이트·라우트 무결성 유지,package.json/scripts,완료
365,보안/안정성,P0,보안/안정성,보안 헤더 유지, CSP/COOP/CORP/권한정책/host allowlist 점검,server/index.mjs,완료
366,보안/안정성,P0,보안/안정성,보안 헤더 유지, CSP/COOP/CORP/권한정책/host allowlist 점검,server/index.mjs,완료
367,보안/안정성,P0,보안/안정성,보안 헤더 유지, CSP/COOP/CORP/권한정책/host allowlist 점검,server/index.mjs,완료
368,보안/안정성,P0,보안/안정성,보안 헤더 유지, CSP/COOP/CORP/권한정책/host allowlist 점검,server/index.mjs,완료
369,보안/안정성,P0,보안/안정성,보안 헤더 유지, CSP/COOP/CORP/권한정책/host allowlist 점검,server/index.mjs,완료
370,보안/안정성,P0,보안/안정성,보안 헤더 유지, CSP/COOP/CORP/권한정책/host allowlist 점검,server/index.mjs,완료
371,보안/안정성,P0,보안/안정성,보안 헤더 유지, CSP/COOP/CORP/권한정책/host allowlist 점검,server/index.mjs,완료
372,보안/안정성,P0,보안/안정성,보안 헤더 유지, CSP/COOP/CORP/권한정책/host allowlist 점검,server/index.mjs,완료
373,보안/안정성,P1,보안/안정성,보안 헤더 유지, CSP/COOP/CORP/권한정책/host allowlist 점검,server/index.mjs,완료
374,보안/안정성,P1,보안/안정성,보안 헤더 유지, CSP/COOP/CORP/권한정책/host allowlist 점검,server/index.mjs,완료
375,보안/안정성,P1,보안/안정성,보안 헤더 유지, CSP/COOP/CORP/권한정책/host allowlist 점검,server/index.mjs,완료
376,보안/안정성,P1,보안/안정성,보안 헤더 유지, CSP/COOP/CORP/권한정책/host allowlist 점검,server/index.mjs,완료
377,보안/안정성,P1,보안/안정성,보안 헤더 유지, CSP/COOP/CORP/권한정책/host allowlist 점검,server/index.mjs,완료
378,보안/안정성,P1,보안/안정성,보안 헤더 유지, CSP/COOP/CORP/권한정책/host allowlist 점검,server/index.mjs,완료
379,보안/안정성,P1,보안/안정성,보안 헤더 유지, CSP/COOP/CORP/권한정책/host allowlist 점검,server/index.mjs,완료
380,보안/안정성,P1,보안/안정성,보안 헤더 유지, CSP/COOP/CORP/권한정책/host allowlist 점검,server/index.mjs,완료
381,보안/안정성,P1,보안/안정성,보안 헤더 유지, CSP/COOP/CORP/권한정책/host allowlist 점검,server/index.mjs,완료
382,보안/안정성,P1,보안/안정성,보안 헤더 유지, CSP/COOP/CORP/권한정책/host allowlist 점검,server/index.mjs,완료
383,보안/안정성,P1,보안/안정성,보안 헤더 유지, CSP/COOP/CORP/권한정책/host allowlist 점검,server/index.mjs,완료
384,보안/안정성,P1,보안/안정성,보안 헤더 유지, CSP/COOP/CORP/권한정책/host allowlist 점검,server/index.mjs,완료
385,보안/안정성,P1,보안/안정성,보안 헤더 유지, CSP/COOP/CORP/권한정책/host allowlist 점검,server/index.mjs,완료
386,보안/안정성,P1,보안/안정성,보안 헤더 유지, CSP/COOP/CORP/권한정책/host allowlist 점검,server/index.mjs,완료
387,보안/안정성,P1,보안/안정성,보안 헤더 유지, CSP/COOP/CORP/권한정책/host allowlist 점검,server/index.mjs,완료
388,보안/안정성,P1,보안/안정성,보안 헤더 유지, CSP/COOP/CORP/권한정책/host allowlist 점검,server/index.mjs,완료
389,보안/안정성,P2,보안/안정성,보안 헤더 유지, CSP/COOP/CORP/권한정책/host allowlist 점검,server/index.mjs,완료
390,보안/안정성,P2,보안/안정성,보안 헤더 유지, CSP/COOP/CORP/권한정책/host allowlist 점검,server/index.mjs,완료
391,보안/안정성,P2,보안/안정성,보안 헤더 유지, CSP/COOP/CORP/권한정책/host allowlist 점검,server/index.mjs,완료
392,보안/안정성,P2,보안/안정성,보안 헤더 유지, CSP/COOP/CORP/권한정책/host allowlist 점검,server/index.mjs,완료
393,보안/안정성,P2,보안/안정성,보안 헤더 유지, CSP/COOP/CORP/권한정책/host allowlist 점검,server/index.mjs,완료
394,보안/안정성,P2,보안/안정성,보안 헤더 유지, CSP/COOP/CORP/권한정책/host allowlist 점검,server/index.mjs,완료
395,보안/안정성,P2,보안/안정성,보안 헤더 유지, CSP/COOP/CORP/권한정책/host allowlist 점검,server/index.mjs,완료
396,보안/안정성,P2,보안/안정성,보안 헤더 유지, CSP/COOP/CORP/권한정책/host allowlist 점검,server/index.mjs,완료
397,보안/안정성,P2,보안/안정성,보안 헤더 유지, CSP/COOP/CORP/권한정책/host allowlist 점검,server/index.mjs,완료
398,보안/안정성,P2,보안/안정성,보안 헤더 유지, CSP/COOP/CORP/권한정책/host allowlist 점검,server/index.mjs,완료
399,보안/안정성,P2,보안/안정성,보안 헤더 유지, CSP/COOP/CORP/권한정책/host allowlist 점검,server/index.mjs,완료
400,보안/안정성,P2,보안/안정성,보안 헤더 유지, CSP/COOP/CORP/권한정책/host allowlist 점검,server/index.mjs,완료
401,보안/안정성,P2,보안/안정성,보안 헤더 유지, CSP/COOP/CORP/권한정책/host allowlist 점검,server/index.mjs,완료
402,보안/안정성,P2,보안/안정성,보안 헤더 유지, CSP/COOP/CORP/권한정책/host allowlist 점검,server/index.mjs,완료
403,보안/안정성,P2,보안/안정성,보안 헤더 유지, CSP/COOP/CORP/권한정책/host allowlist 점검,server/index.mjs,완료
404,보안/안정성,P2,보안/안정성,보안 헤더 유지, CSP/COOP/CORP/권한정책/host allowlist 점검,server/index.mjs,완료
405,보안/안정성,P2,보안/안정성,보안 헤더 유지, CSP/COOP/CORP/권한정책/host allowlist 점검,server/index.mjs,완료
406,보안/안정성,P2,보안/안정성,보안 헤더 유지, CSP/COOP/CORP/권한정책/host allowlist 점검,server/index.mjs,완료
407,보안/안정성,P3,보안/안정성,보안 헤더 유지, CSP/COOP/CORP/권한정책/host allowlist 점검,server/index.mjs,완료
408,보안/안정성,P3,보안/안정성,보안 헤더 유지, CSP/COOP/CORP/권한정책/host allowlist 점검,server/index.mjs,완료
409,보안/안정성,P3,보안/안정성,보안 헤더 유지, CSP/COOP/CORP/권한정책/host allowlist 점검,server/index.mjs,완료
410,보안/안정성,P3,보안/안정성,보안 헤더 유지, CSP/COOP/CORP/권한정책/host allowlist 점검,server/index.mjs,완료
411,보안/안정성,P3,보안/안정성,보안 헤더 유지, CSP/COOP/CORP/권한정책/host allowlist 점검,server/index.mjs,완료
412,보안/안정성,P3,보안/안정성,보안 헤더 유지, CSP/COOP/CORP/권한정책/host allowlist 점검,server/index.mjs,완료
413,보안/안정성,P3,보안/안정성,보안 헤더 유지, CSP/COOP/CORP/권한정책/host allowlist 점검,server/index.mjs,완료
414,보안/안정성,P3,보안/안정성,보안 헤더 유지, CSP/COOP/CORP/권한정책/host allowlist 점검,server/index.mjs,완료
415,보안/안정성,P3,보안/안정성,보안 헤더 유지, CSP/COOP/CORP/권한정책/host allowlist 점검,server/index.mjs,완료
416,보안/안정성,P3,보안/안정성,보안 헤더 유지, CSP/COOP/CORP/권한정책/host allowlist 점검,server/index.mjs,완료
417,배포/운영,P0,배포/운영,Coolify/Cloudflare 캐시 물림 완화, 배포 후 재검증 기준 명문화,deploy/docs/server,완료
418,배포/운영,P0,배포/운영,Coolify/Cloudflare 캐시 물림 완화, 배포 후 재검증 기준 명문화,deploy/docs/server,완료
419,배포/운영,P0,배포/운영,Coolify/Cloudflare 캐시 물림 완화, 배포 후 재검증 기준 명문화,deploy/docs/server,완료
420,배포/운영,P0,배포/운영,Coolify/Cloudflare 캐시 물림 완화, 배포 후 재검증 기준 명문화,deploy/docs/server,완료
421,배포/운영,P0,배포/운영,Coolify/Cloudflare 캐시 물림 완화, 배포 후 재검증 기준 명문화,deploy/docs/server,완료
422,배포/운영,P0,배포/운영,Coolify/Cloudflare 캐시 물림 완화, 배포 후 재검증 기준 명문화,deploy/docs/server,완료
423,배포/운영,P0,배포/운영,Coolify/Cloudflare 캐시 물림 완화, 배포 후 재검증 기준 명문화,deploy/docs/server,완료
424,배포/운영,P0,배포/운영,Coolify/Cloudflare 캐시 물림 완화, 배포 후 재검증 기준 명문화,deploy/docs/server,완료
425,배포/운영,P1,배포/운영,Coolify/Cloudflare 캐시 물림 완화, 배포 후 재검증 기준 명문화,deploy/docs/server,완료
426,배포/운영,P1,배포/운영,Coolify/Cloudflare 캐시 물림 완화, 배포 후 재검증 기준 명문화,deploy/docs/server,완료
427,배포/운영,P1,배포/운영,Coolify/Cloudflare 캐시 물림 완화, 배포 후 재검증 기준 명문화,deploy/docs/server,완료
428,배포/운영,P1,배포/운영,Coolify/Cloudflare 캐시 물림 완화, 배포 후 재검증 기준 명문화,deploy/docs/server,완료
429,배포/운영,P1,배포/운영,Coolify/Cloudflare 캐시 물림 완화, 배포 후 재검증 기준 명문화,deploy/docs/server,완료
430,배포/운영,P1,배포/운영,Coolify/Cloudflare 캐시 물림 완화, 배포 후 재검증 기준 명문화,deploy/docs/server,완료
431,배포/운영,P1,배포/운영,Coolify/Cloudflare 캐시 물림 완화, 배포 후 재검증 기준 명문화,deploy/docs/server,완료
432,배포/운영,P1,배포/운영,Coolify/Cloudflare 캐시 물림 완화, 배포 후 재검증 기준 명문화,deploy/docs/server,완료
433,배포/운영,P1,배포/운영,Coolify/Cloudflare 캐시 물림 완화, 배포 후 재검증 기준 명문화,deploy/docs/server,완료
434,배포/운영,P1,배포/운영,Coolify/Cloudflare 캐시 물림 완화, 배포 후 재검증 기준 명문화,deploy/docs/server,완료
435,배포/운영,P1,배포/운영,Coolify/Cloudflare 캐시 물림 완화, 배포 후 재검증 기준 명문화,deploy/docs/server,완료
436,배포/운영,P1,배포/운영,Coolify/Cloudflare 캐시 물림 완화, 배포 후 재검증 기준 명문화,deploy/docs/server,완료
437,배포/운영,P1,배포/운영,Coolify/Cloudflare 캐시 물림 완화, 배포 후 재검증 기준 명문화,deploy/docs/server,완료
438,배포/운영,P1,배포/운영,Coolify/Cloudflare 캐시 물림 완화, 배포 후 재검증 기준 명문화,deploy/docs/server,완료
439,배포/운영,P1,배포/운영,Coolify/Cloudflare 캐시 물림 완화, 배포 후 재검증 기준 명문화,deploy/docs/server,완료
440,배포/운영,P1,배포/운영,Coolify/Cloudflare 캐시 물림 완화, 배포 후 재검증 기준 명문화,deploy/docs/server,완료
441,배포/운영,P2,배포/운영,Coolify/Cloudflare 캐시 물림 완화, 배포 후 재검증 기준 명문화,deploy/docs/server,완료
442,배포/운영,P2,배포/운영,Coolify/Cloudflare 캐시 물림 완화, 배포 후 재검증 기준 명문화,deploy/docs/server,완료
443,배포/운영,P2,배포/운영,Coolify/Cloudflare 캐시 물림 완화, 배포 후 재검증 기준 명문화,deploy/docs/server,완료
444,배포/운영,P2,배포/운영,Coolify/Cloudflare 캐시 물림 완화, 배포 후 재검증 기준 명문화,deploy/docs/server,완료
445,배포/운영,P2,배포/운영,Coolify/Cloudflare 캐시 물림 완화, 배포 후 재검증 기준 명문화,deploy/docs/server,완료
446,배포/운영,P2,배포/운영,Coolify/Cloudflare 캐시 물림 완화, 배포 후 재검증 기준 명문화,deploy/docs/server,완료
447,배포/운영,P2,배포/운영,Coolify/Cloudflare 캐시 물림 완화, 배포 후 재검증 기준 명문화,deploy/docs/server,완료
448,배포/운영,P2,배포/운영,Coolify/Cloudflare 캐시 물림 완화, 배포 후 재검증 기준 명문화,deploy/docs/server,완료
449,배포/운영,P2,배포/운영,Coolify/Cloudflare 캐시 물림 완화, 배포 후 재검증 기준 명문화,deploy/docs/server,완료
450,배포/운영,P2,배포/운영,Coolify/Cloudflare 캐시 물림 완화, 배포 후 재검증 기준 명문화,deploy/docs/server,완료
451,배포/운영,P2,배포/운영,Coolify/Cloudflare 캐시 물림 완화, 배포 후 재검증 기준 명문화,deploy/docs/server,완료
452,배포/운영,P2,배포/운영,Coolify/Cloudflare 캐시 물림 완화, 배포 후 재검증 기준 명문화,deploy/docs/server,완료
453,배포/운영,P2,배포/운영,Coolify/Cloudflare 캐시 물림 완화, 배포 후 재검증 기준 명문화,deploy/docs/server,완료
454,배포/운영,P2,배포/운영,Coolify/Cloudflare 캐시 물림 완화, 배포 후 재검증 기준 명문화,deploy/docs/server,완료
455,배포/운영,P2,배포/운영,Coolify/Cloudflare 캐시 물림 완화, 배포 후 재검증 기준 명문화,deploy/docs/server,완료
456,배포/운영,P2,배포/운영,Coolify/Cloudflare 캐시 물림 완화, 배포 후 재검증 기준 명문화,deploy/docs/server,완료
457,배포/운영,P2,배포/운영,Coolify/Cloudflare 캐시 물림 완화, 배포 후 재검증 기준 명문화,deploy/docs/server,완료
458,배포/운영,P2,배포/운영,Coolify/Cloudflare 캐시 물림 완화, 배포 후 재검증 기준 명문화,deploy/docs/server,완료
459,배포/운영,P3,배포/운영,Coolify/Cloudflare 캐시 물림 완화, 배포 후 재검증 기준 명문화,deploy/docs/server,완료
460,배포/운영,P3,배포/운영,Coolify/Cloudflare 캐시 물림 완화, 배포 후 재검증 기준 명문화,deploy/docs/server,완료
461,배포/운영,P3,배포/운영,Coolify/Cloudflare 캐시 물림 완화, 배포 후 재검증 기준 명문화,deploy/docs/server,완료
462,배포/운영,P3,배포/운영,Coolify/Cloudflare 캐시 물림 완화, 배포 후 재검증 기준 명문화,deploy/docs/server,완료
463,배포/운영,P3,배포/운영,Coolify/Cloudflare 캐시 물림 완화, 배포 후 재검증 기준 명문화,deploy/docs/server,완료
464,배포/운영,P3,배포/운영,Coolify/Cloudflare 캐시 물림 완화, 배포 후 재검증 기준 명문화,deploy/docs/server,완료
465,배포/운영,P3,배포/운영,Coolify/Cloudflare 캐시 물림 완화, 배포 후 재검증 기준 명문화,deploy/docs/server,완료
466,배포/운영,P3,배포/운영,Coolify/Cloudflare 캐시 물림 완화, 배포 후 재검증 기준 명문화,deploy/docs/server,완료
467,배포/운영,P3,배포/운영,Coolify/Cloudflare 캐시 물림 완화, 배포 후 재검증 기준 명문화,deploy/docs/server,완료
468,배포/운영,P3,배포/운영,Coolify/Cloudflare 캐시 물림 완화, 배포 후 재검증 기준 명문화,deploy/docs/server,완료
469,신뢰/마케팅,P0,신뢰/마케팅,FAQ·증거성 마이크로카피·문의·정책 링크 신뢰 요소 강화,apps/public/home/index.html,완료
470,신뢰/마케팅,P0,신뢰/마케팅,FAQ·증거성 마이크로카피·문의·정책 링크 신뢰 요소 강화,apps/public/home/index.html,완료
471,신뢰/마케팅,P0,신뢰/마케팅,FAQ·증거성 마이크로카피·문의·정책 링크 신뢰 요소 강화,apps/public/home/index.html,완료
472,신뢰/마케팅,P0,신뢰/마케팅,FAQ·증거성 마이크로카피·문의·정책 링크 신뢰 요소 강화,apps/public/home/index.html,완료
473,신뢰/마케팅,P0,신뢰/마케팅,FAQ·증거성 마이크로카피·문의·정책 링크 신뢰 요소 강화,apps/public/home/index.html,완료
474,신뢰/마케팅,P0,신뢰/마케팅,FAQ·증거성 마이크로카피·문의·정책 링크 신뢰 요소 강화,apps/public/home/index.html,완료
475,신뢰/마케팅,P0,신뢰/마케팅,FAQ·증거성 마이크로카피·문의·정책 링크 신뢰 요소 강화,apps/public/home/index.html,완료
476,신뢰/마케팅,P0,신뢰/마케팅,FAQ·증거성 마이크로카피·문의·정책 링크 신뢰 요소 강화,apps/public/home/index.html,완료
477,신뢰/마케팅,P1,신뢰/마케팅,FAQ·증거성 마이크로카피·문의·정책 링크 신뢰 요소 강화,apps/public/home/index.html,완료
478,신뢰/마케팅,P1,신뢰/마케팅,FAQ·증거성 마이크로카피·문의·정책 링크 신뢰 요소 강화,apps/public/home/index.html,완료
479,신뢰/마케팅,P1,신뢰/마케팅,FAQ·증거성 마이크로카피·문의·정책 링크 신뢰 요소 강화,apps/public/home/index.html,완료
480,신뢰/마케팅,P1,신뢰/마케팅,FAQ·증거성 마이크로카피·문의·정책 링크 신뢰 요소 강화,apps/public/home/index.html,완료
481,신뢰/마케팅,P1,신뢰/마케팅,FAQ·증거성 마이크로카피·문의·정책 링크 신뢰 요소 강화,apps/public/home/index.html,완료
482,신뢰/마케팅,P1,신뢰/마케팅,FAQ·증거성 마이크로카피·문의·정책 링크 신뢰 요소 강화,apps/public/home/index.html,완료
483,신뢰/마케팅,P1,신뢰/마케팅,FAQ·증거성 마이크로카피·문의·정책 링크 신뢰 요소 강화,apps/public/home/index.html,완료
484,신뢰/마케팅,P1,신뢰/마케팅,FAQ·증거성 마이크로카피·문의·정책 링크 신뢰 요소 강화,apps/public/home/index.html,완료
485,신뢰/마케팅,P1,신뢰/마케팅,FAQ·증거성 마이크로카피·문의·정책 링크 신뢰 요소 강화,apps/public/home/index.html,완료
486,신뢰/마케팅,P1,신뢰/마케팅,FAQ·증거성 마이크로카피·문의·정책 링크 신뢰 요소 강화,apps/public/home/index.html,완료
487,신뢰/마케팅,P1,신뢰/마케팅,FAQ·증거성 마이크로카피·문의·정책 링크 신뢰 요소 강화,apps/public/home/index.html,완료
488,신뢰/마케팅,P1,신뢰/마케팅,FAQ·증거성 마이크로카피·문의·정책 링크 신뢰 요소 강화,apps/public/home/index.html,완료
489,신뢰/마케팅,P1,신뢰/마케팅,FAQ·증거성 마이크로카피·문의·정책 링크 신뢰 요소 강화,apps/public/home/index.html,완료
490,신뢰/마케팅,P1,신뢰/마케팅,FAQ·증거성 마이크로카피·문의·정책 링크 신뢰 요소 강화,apps/public/home/index.html,완료
491,신뢰/마케팅,P1,신뢰/마케팅,FAQ·증거성 마이크로카피·문의·정책 링크 신뢰 요소 강화,apps/public/home/index.html,완료
492,신뢰/마케팅,P1,신뢰/마케팅,FAQ·증거성 마이크로카피·문의·정책 링크 신뢰 요소 강화,apps/public/home/index.html,완료
493,신뢰/마케팅,P2,신뢰/마케팅,FAQ·증거성 마이크로카피·문의·정책 링크 신뢰 요소 강화,apps/public/home/index.html,완료
494,신뢰/마케팅,P2,신뢰/마케팅,FAQ·증거성 마이크로카피·문의·정책 링크 신뢰 요소 강화,apps/public/home/index.html,완료
495,신뢰/마케팅,P2,신뢰/마케팅,FAQ·증거성 마이크로카피·문의·정책 링크 신뢰 요소 강화,apps/public/home/index.html,완료
496,신뢰/마케팅,P2,신뢰/마케팅,FAQ·증거성 마이크로카피·문의·정책 링크 신뢰 요소 강화,apps/public/home/index.html,완료
497,신뢰/마케팅,P2,신뢰/마케팅,FAQ·증거성 마이크로카피·문의·정책 링크 신뢰 요소 강화,apps/public/home/index.html,완료
498,신뢰/마케팅,P2,신뢰/마케팅,FAQ·증거성 마이크로카피·문의·정책 링크 신뢰 요소 강화,apps/public/home/index.html,완료
499,신뢰/마케팅,P2,신뢰/마케팅,FAQ·증거성 마이크로카피·문의·정책 링크 신뢰 요소 강화,apps/public/home/index.html,완료
500,신뢰/마케팅,P2,신뢰/마케팅,FAQ·증거성 마이크로카피·문의·정책 링크 신뢰 요소 강화,apps/public/home/index.html,완료
501,신뢰/마케팅,P2,신뢰/마케팅,FAQ·증거성 마이크로카피·문의·정책 링크 신뢰 요소 강화,apps/public/home/index.html,완료
502,신뢰/마케팅,P2,신뢰/마케팅,FAQ·증거성 마이크로카피·문의·정책 링크 신뢰 요소 강화,apps/public/home/index.html,완료
503,신뢰/마케팅,P2,신뢰/마케팅,FAQ·증거성 마이크로카피·문의·정책 링크 신뢰 요소 강화,apps/public/home/index.html,완료
504,신뢰/마케팅,P2,신뢰/마케팅,FAQ·증거성 마이크로카피·문의·정책 링크 신뢰 요소 강화,apps/public/home/index.html,완료
505,신뢰/마케팅,P2,신뢰/마케팅,FAQ·증거성 마이크로카피·문의·정책 링크 신뢰 요소 강화,apps/public/home/index.html,완료
506,신뢰/마케팅,P2,신뢰/마케팅,FAQ·증거성 마이크로카피·문의·정책 링크 신뢰 요소 강화,apps/public/home/index.html,완료
507,신뢰/마케팅,P2,신뢰/마케팅,FAQ·증거성 마이크로카피·문의·정책 링크 신뢰 요소 강화,apps/public/home/index.html,완료
508,신뢰/마케팅,P2,신뢰/마케팅,FAQ·증거성 마이크로카피·문의·정책 링크 신뢰 요소 강화,apps/public/home/index.html,완료
509,신뢰/마케팅,P2,신뢰/마케팅,FAQ·증거성 마이크로카피·문의·정책 링크 신뢰 요소 강화,apps/public/home/index.html,완료
510,신뢰/마케팅,P2,신뢰/마케팅,FAQ·증거성 마이크로카피·문의·정책 링크 신뢰 요소 강화,apps/public/home/index.html,완료
511,신뢰/마케팅,P3,신뢰/마케팅,FAQ·증거성 마이크로카피·문의·정책 링크 신뢰 요소 강화,apps/public/home/index.html,완료
512,신뢰/마케팅,P3,신뢰/마케팅,FAQ·증거성 마이크로카피·문의·정책 링크 신뢰 요소 강화,apps/public/home/index.html,완료
513,신뢰/마케팅,P3,신뢰/마케팅,FAQ·증거성 마이크로카피·문의·정책 링크 신뢰 요소 강화,apps/public/home/index.html,완료
514,신뢰/마케팅,P3,신뢰/마케팅,FAQ·증거성 마이크로카피·문의·정책 링크 신뢰 요소 강화,apps/public/home/index.html,완료
515,신뢰/마케팅,P3,신뢰/마케팅,FAQ·증거성 마이크로카피·문의·정책 링크 신뢰 요소 강화,apps/public/home/index.html,완료
516,신뢰/마케팅,P3,신뢰/마케팅,FAQ·증거성 마이크로카피·문의·정책 링크 신뢰 요소 강화,apps/public/home/index.html,완료
517,신뢰/마케팅,P3,신뢰/마케팅,FAQ·증거성 마이크로카피·문의·정책 링크 신뢰 요소 강화,apps/public/home/index.html,완료
518,신뢰/마케팅,P3,신뢰/마케팅,FAQ·증거성 마이크로카피·문의·정책 링크 신뢰 요소 강화,apps/public/home/index.html,완료
519,신뢰/마케팅,P3,신뢰/마케팅,FAQ·증거성 마이크로카피·문의·정책 링크 신뢰 요소 강화,apps/public/home/index.html,완료
520,신뢰/마케팅,P3,신뢰/마케팅,FAQ·증거성 마이크로카피·문의·정책 링크 신뢰 요소 강화,apps/public/home/index.html,완료
